# 'k', 'k_acc', 'k_presicion', 'k_recall', 'k_fscore', 'c_acc', 'c_presicion', 'c_recall', 'c_fscore'
1.000000,0.127385,0.025858,0.127385,0.041690,0.952615,0.924692,0.952615,0.936421
2.000000,0.135385,0.054617,0.135385,0.065099,0.984000,0.973333,0.984000,0.977600
3.000000,0.362462,0.340417,0.362462,0.340343,0.984000,0.973333,0.984000,0.977600
4.000000,0.984000,0.973333,0.984000,0.977600,0.984000,0.973333,0.984000,0.977600
