# 'k', 'k_acc', 'k_presicion', 'k_recall', 'k_fscore', 'c_acc', 'c_presicion', 'c_recall', 'c_fscore'
1.000000,0.906154,0.847752,0.906154,0.870428,0.906154,0.847752,0.906154,0.870428
2.000000,0.968615,0.945221,0.968615,0.955218,0.968615,0.945221,0.968615,0.955218
3.000000,0.968615,0.945221,0.968615,0.955218,0.968615,0.945221,0.968615,0.955218
4.000000,0.968615,0.947050,0.968615,0.955885,0.968615,0.947050,0.968615,0.955885
5.000000,0.960615,0.947050,0.960615,0.951085,0.960615,0.947050,0.960615,0.951085
6.000000,0.960615,0.947050,0.960615,0.951085,0.960615,0.947050,0.960615,0.951085
7.000000,0.968615,0.947050,0.968615,0.955885,0.968615,0.947050,0.968615,0.955885
8.000000,0.968615,0.947050,0.968615,0.955885,0.968615,0.947050,0.968615,0.955885
9.000000,0.968615,0.947050,0.968615,0.955885,0.968615,0.947050,0.968615,0.955885
10.000000,0.968615,0.947050,0.968615,0.955885,0.968615,0.947050,0.968615,0.955885
